original,replacementtrang_la,trang larửa mặt,rửa_mặtchống nắng,chống_nắngloreal_dưỡng,loreal dưỡngdưỡng_la,dưỡng laẩm_klairs,ẩm klairsgel_rửa,gel rửaẩm_embryolisse,ẩm embryolisseda_lão,da lãolão hóa,lão_hóada_g,da ghatomugi_ý_dĩ,hatomugi ý_dĩkem_dưỡng,kem dưỡnggel_dưỡng,gel dưỡngthâm_ml,thâm mltối_ưu_ml,tối_ưu mlda_la,da laẩm_innisfree,ẩm innisfreeẩm_nature,ẩm naturemát_dưỡng,mát dưỡnganessa_dưỡng,anessa dưỡngpa_dưỡng,pa dưỡnggoodndoc_dưỡng,goodndoc dưỡngohoh_dưỡng,ohoh dưỡngaqua_dưỡng,aqua dưỡng thâm_g,thâm gvichy_thoáng,vichy thoángsiêu_cấp,siêu cấpdưỡng_skin,dưỡng skinliquid_dưỡng,liquid dưỡngtorriden_dưỡng,torriden dưỡngfrom_dưỡng,from dưỡngcc_dưỡng,cc dưỡnglabo_dưỡng,labo dưỡnghiệu_chỉnh_sắc,hiệu_chỉnh sắcwonjin_dưỡng,wonjin dưỡngbanobagi_dưỡng,banobagi dưỡnglan_dưỡng,lan dưỡngbạch_ngọc lan,bạch_ngọc_lanẩm_vaseline,ẩm vaselineẩm_da,ẩm dabột_ngũ,bột ngũẩm_svr,ẩm svrhazeline_ngừa,hazeline ngừaml_tinh,ml tinhtorriden_dưỡng,torriden dưỡngcolorkey_dưỡng,colorkey dưỡngcurél_dưỡng,curél dưỡngẩm_cetaphil,ẩm cetaphilspf_pa,spf padưỡng_mắt,dưỡng mắtẩm_vichy,ẩm vichyxuất_retinol,xuất retinolngừa_lão,ngừa lãohatomugi_dưỡng,hatomugi dưỡngtắm_la,tắm lalông_ml,lông mldưỡng_neutrogena,dưỡng neutrogenaý_dĩ_dưỡng,ý_dĩ dưỡngdưỡng_bioessence,dưỡng bioessencemặt_nạ_dưỡng,mặt_nạ dưỡngdưỡng_forencos,dưỡng forencosdưỡng_mi,dưỡng misữa_tẩy,sữa tẩyẩm_eucerin,ẩm eucerindưỡng_acnes,dưỡng acnesnaruko_ý_dĩ_nhân,naruko ý_dĩ nhânxịt_dưỡng,xịt dưỡngdưỡng_eucerin,dưỡng eucerinnuxe_dưỡng,nuxe dưỡngstives_tẩy,stives tẩynạ_dưỡng,nạ dưỡngnaris_cosmetic,naris cosmeticsplash_sun,splash sunc_dưỡng,c dưỡngxuất_đu_đủ,xuất đu_đủsữa_rửa,sữa rửanivea_tinh_chất,nivea tinh_chấtdưỡng_curél,dưỡng curélbioré_dưỡng,bioré dưỡngcetaphil_dạng,cetaphil dạngtrang_senka,trang senkadưỡng_bioderma,dưỡng biodermamilaganics_dưỡng,milaganics dưỡngarbutin_dưỡng,arbutin dưỡngbnbg_dưỡng,bnbg dưỡngmela_chiết,mela chiếtkim_cương_dưỡng,kim_cương dưỡngbioré_màng,bioré màngẩm_g,ẩm gmụn_chiết,mụn chiếtnaris_nature,naris naturetweezers_t,tweezers txuất_mù,xuất mùbioessence_dưỡng,bioessence dưỡngnước_dưỡng,nước dưỡngsenka_dưỡng,senka dưỡngbông_tẩy,bông tẩynaris_cosmetics,naris cosmeticsgiấy_dưỡng,giấy dưỡngset_dưỡng,set dưỡngcocoon_hưng,cocoon hưnghưng yên,hưng_yênblemish_mỹ,blemish mỹlan_ý_dĩ_nhân,lan ý_dĩ nhânyên_turmeric,yên turmericmask_sheet,mask sheetmáy_rửa,máy rửaceramide_bạch,ceramide bạche_chiết,e chiếtml_dung_tích,ml dung_tíchhệ_dưỡng,hệ dưỡngẩm_neutrogena,ẩm neutrogenala_rocheposay,la rocheposaywishes_dưỡng,wishes dưỡngẩm_bioderma,ẩm biodermalành_da,lành daeucerin_sun,eucerin sunda thường,da_thườngda dầu,da_dầuda khô,da_khôdưỡng_avène,dưỡng avènelông_g,lông gda_ml,da mlgokujyun_dưỡng,gokujyun dưỡngcocoon_dưỡng,cocoon dưỡnginnisfree_dưỡng,innisfree dưỡngdưỡng_cerave,dưỡng ceraveẩm_chiết,ẩm chiếttrà xanh,trà_xanhẩm_dịu,ẩm dịuml_xịt,ml xịtdầu_ml,dầu mlcocoon_nghệ,cocoon nghệsenka_tạo,senka tạocetaphil_tạo,cetaphil tạotinh_chất_dưỡng,tinh_chất dưỡngsiêu_tinh_chất,siêu tinh_chấtnhạy_cảm_ml,nhạy_cảm mlml_gel,ml gelml_bản,ml bảnda_đa,da đaserum_dưỡng,serum dưỡngdưỡng_aderma,dưỡng adermaxuất_quả,xuất quảlựu_g,lựu gthâm_dưỡng,thâm dưỡngdưỡng_dưỡng,dưỡng dưỡngđắk lắk,đắk_lắkkhoáng_la,khoáng lada_ngừa,da ngừaml_sáp,ml sápxuất_collagen,xuất collagenthâm_đỏ,thâm đỏẩm_phục_hồi,ẩm phục_hồiẩm_avène,ẩm avènenature_dưỡng,nature dưỡngtrai_dưỡng,trai dưỡngẩm_naris,ẩm narisby_mi,by minhờn_la,nhờn laml_dung_dịch,ml dung_dịchmụn_ml,mụn mltẩy trang,tẩy_tranguriage_dưỡng,uriage dưỡngxuất_ngọc,xuất ngọccosmetics_dưỡng,cosmetics dưỡngkỳ_sợi,kỳ sợithổ_nhĩ kỳ,thổ_nhĩ_kỳcotton_miếng,cotton miếngcocoon_tẩy,cocoon tẩytúi_miếng,túi miếngmilaganics_nguyên,milaganics nguyêncocoon_sen,cocoon senhyaestic_sf,hyaestic sfcocoon_tẩy,cocoon tẩynivea_dưỡng,nivea dưỡngampoule_dưỡng,ampoule dưỡnglab_dưỡng,lab dưỡngbioderma_dưỡng,bioderma dưỡngsalicylic_acid,salicylic acidmụn_dưỡng,mụn dưỡngnano_nghệ,nano nghệsữa_dưỡng,sữa dưỡngda_mlm,da mlmspfpa_ml,spfpa mlẩm_freeplus,ẩm freeplusthâm_sạm,thâm sạmẩm_ngừa,ẩm ngừaẩm_ml,ẩm mlhội_g,hội gcombo_sunplay,combo sunplayẩm_mượt,ẩm mượtlotion_dưỡng,lotion dưỡngglutathione_dưỡng,glutathione dưỡngtrang_bioré,trang bioréđen_dưỡng,đen dưỡngsâu_dịu,sâu dịuthâm_spf,thâm spfxuất_bạch_quả,xuất bạch_quảmediheal_dưỡng,mediheal dưỡngđen_hoạt_tính,đen hoạt_tínhrửa mặt,rửa_mặtẩm_đa,ẩm đaarrahan_hương,arrahan hươngprogram_tông,program tôngcocoon_tinh,cocoon tinhsunplay_dưỡng,sunplay dưỡngmarula_dưỡng,marula dưỡngmàu_da,màu dacocoon_chiết,cocoon chiếtcocoon_sen,cocoon sengarnier_tạo,garnier tạorepublic_chiết,republic chiếtthâm_nám,thâm námsunplay_hiệu,sunplay hiệucam_tinh_chất,cam tinh_chấtklairs_dưỡng,klairs dưỡngkhô_ecowipes,khô ecowipesẩm_cỏ,ẩm cỏẩm_vegick,ẩm vegicksoftymo_dưỡng,softymo dưỡngnaris_acmedica,naris acmedicasáng da,sáng_dalão hóa,lão_hóanhạy_cảm_la,nhạy_cảm lalỗ chân lông,lỗ_chân_lôngtrong_sạch,trong sạchsâu_ml,sâu mlchiết xuất,chiết_xuấttông_dưỡng,tông dưỡngsalicylic_acid,salicylic acidbioessence_tạo,bioessence tạoda_bộ,da bộeucerin_tạo,eucerin tạonhạy_cảm_g,nhạy_cảm gmặt_simple,mặt simpledưỡng_fixderma,dưỡng fixdermaangels_liquid,angels liquidẩm_mịn,ẩm mịnhồng_nhạt,hồng nhạtacid_sun,acid sunml_combo,ml comboponds_vitamin,ponds vitaminniacinamide_dưỡng,niacinamide dưỡngnhư_không_khí,như không_khígarnier_vitamin,garnier vitaminkhông mùi,không_mùitrang_dưỡng,trang dưỡngoh_dưỡng,oh dưỡngẩm_sâu,ẩm sâucấp ẩm,cấp_ẩmdak lak,dak_lakteana_dưỡng,teana dưỡngda_cocoon,da cocoontối_ưu_da,tối_ưu dada_dưỡng,da dưỡngsf_sun,sf sunml_bộ,ml bộkhoáng_dưỡng,khoáng dưỡngkhử mùi,khử_mùiessence_dưỡng,essence dưỡngolive_young ,olive young chất_nghệ,chất nghệse khít,se_khítarrahan_chiết,arrahan chiếtfreeplus_dưỡng,freeplus dưỡngxuất_thảo_mộc,xuất thảo_mộcsâu_dưỡng,sâu dưỡngxịt khoáng,xịt_khoángavène_quang,avène quangdưỡng da,dưỡng_dadòng_sản,dòng sảnsiêu mịn,siêu_mịnml_serum,ml serumgx_miếng,gx miếngdưỡng ẩm,dưỡng_ẩmnắng_dưỡng,nắng dưỡngẩm_bioessence,ẩm bioessenceẩm_dạng,ẩm dạngda_kích_ứng,da kích_ứngnghệ_hưng,nghệ hưngolay_total,olay totalpatch_miếng,patch miếngrạng rỡ,rạng_rỡẩm_swiss,ẩm swissdưỡng_martiderm,dưỡng martidermolay_tạo,olay tạochay_cocoon,chay cocoonvichy_dạng,vichy dạngmịn_lì,mịn lìxanh_dưỡng,xanh dưỡngchất_dưỡng,chất dưỡngdưỡng_svr,dưỡng svruv_sun,uv sunlỗ chân_lông,lỗ_chân_lôngxuất_ý_dĩ,xuất ý_dĩmờ_nám,mờ námsimple_dưỡng,simple dưỡngtrang_jomi,trang jominaruko_dạng,naruko dạngnạ_nghệ,nạ nghệlô hội,lô_hộifreeplus_màng,freeplus màngspray_dưỡng,spray dưỡngswiss_image,swiss imagecá_milaganics,cá milaganicsdiếp cá,diếp_cáquầng thâm,quầng_thâmprogram_dưỡng,program dưỡngcơ_g,cơ gespoir_dưỡng,espoir dưỡnghada_labo,hada labotế_bào chết,tế_bào_chếtnivea_men,nivea menngủ_dưỡng,ngủ dưỡngẩm_màng,ẩm màngmask_ex,mask expa_ml,pa mlẩm_bioré,ẩm biorémask_dưỡng,mask dưỡngspectral_quang,spectral quangmỹ_nay,mỹ nayda_nivea,da niveangọc trai,ngọc_trainhờn rít,nhờn_rítngăn_sạm,ngăn sạmẩm_miếng,ẩm miếngyến mạch,yến_mạchthâm_mlx,thâm mlxsáp_dưỡng,sáp dưỡngmặt_nạ ngủ,mặt_nạ_ngủtrắng da,trắng_dadưỡng_garnier,dưỡng garniermặt_nạ mắt,mặt_nạ_mắttẩy da chết,tẩy_da_chếthàn_quốc_tích,hàn_quốc tíchxỉn màu,xỉn_màugiảm mụn,giảm_mụnmờ thâm,mờ_thâmtrẻ hóa,trẻ_hóahoa_hồng_dưỡng,hoa_hồng dưỡngb_dưỡng,b dưỡngvitamin c,vitamin_cvitamin b,vitamin_bup_sun,up sundermalogy_dưỡng,dermalogy dưỡngsạch sâu,sạch_sâucurél_mặt,curél mặttế_bào gốc,tế_bào_gốcneutrogena_dịu,neutrogena dịucetaphil_dịu,cetaphil dịulá_tía,lá tíatía tô,tía_tôtáo_ml,táo mltím_nhạt,tím nhạtmờ sẹo,mờ_sẹorạng ngời,rạng_ngờitạo bọt,tạo_bọtcam_dưỡng,cam dưỡngchống thấm,chống_thấmcần tây,cần_tâyeucerin_dạng,eucerin dạnggiảm thâm,giảm_thâmthanh_lăn,thanh lănxuất_olive,xuất olivetrang_ohoh,trang ohohtrị mụn,trị_mụnsẹo_ml,sẹo_mlkhô_hotosu,khô hotosuhalio_dưỡng,halio dưỡnggiảm dầu,giảm_dầuẩm_cerave,ẩm ceravemặt_nạ_nghệ,mặt_nạ nghệsữa rửa_mặt,sữa_rửa_mặtgel rửa_mặt,gel_rửa_mặtnước hoa_hồng,nước_hoa_hồngkem chống_nắng,kem_chống_nắngnước tẩy_trang,nước_tẩy_trangsữa chống_nắng,sữa_chống_nắngdưỡng_olay,dưỡng olaybông tẩy_trang,bông_tẩy_trangdầu tẩy_trang,dầu_tẩy_trangda nhạy_cảm,da_nhạy_cảmcurél_dạng,curél dạnghồng_ml,hồng mlpháp_la,pháp lachât_can,chât canmáy rửa_mặt,máy_rửa_mặthotosu_bộ,hotosu bộ